01_profile_logo_400,400,400
02_linkedin_banner_1128x191,1128,191
03_template_A_authority,1080,1350
03_template_B_trade,1080,1350
03_template_C_brand,1080,1350
04_highlight_services,1080,1920
04_highlight_uae_india,1080,1920
04_highlight_results,1080,1920
04_highlight_about,1080,1920
post01_launch,1080,1350
post02_carousel_1of3,1080,1350
post02_carousel_2of3,1080,1350
post02_carousel_3of3,1080,1350
post03_cepa_stat,1080,1350
post04_carousel_1of4,1080,1350
post04_carousel_2of4,1080,1350
post04_carousel_3of4,1080,1350
post04_carousel_4of4,1080,1350
post05_free_teardown,1080,1350
post06_freezone_mainland,1080,1350
post07_seo_3step,1080,1350
post08_two_countries,1080,1350
post09_three_services,1080,1350
post10_one_page_plan,1080,1350
post11_five_industries,1080,1350
post12_book_call,1080,1350
